"Category";"Aantal per 100.000 inwoners";"Aantal"
"'s-Gravenhage";3.9;21
"'s-Hertogenbosch";19.5;30
"Aa en Hunze";0;0
"Aalsmeer";9.5;3
"Aalten";0;0
"Achtkarspelen";0;0
"Alblasserdam";5;1
"Albrandswaard";15.8;4
"Alkmaar";4.6;5
"Almelo";1.4;1
"Almere";1.9;4
"Alphen aan den Rijn";8.1;9
"Alphen-Chaam";59.1;6
"Altena";27.1;15
"Ameland";0;0
"Amersfoort";14.7;23
"Amstelveen";7.7;7
"Amsterdam";7.1;61
"Apeldoorn";6.2;10
"Appingedam";0;0
"Arnhem";5.7;9
"Assen";0;0
"Asten";12;2
"Baarle-Nassau";0;0
"Baarn";0;0
"Barendrecht";6.2;3
"Barneveld";8.6;5
"Beek";18.8;3
"Beekdaelen";50.4;18
"Beemster";0;0
"Beesel";0;0
"Berg en Dal";40.2;14
"Bergeijk";5.4;1
"Bergen (L)";7.6;1
"Bergen (NH)";6.7;2
"Bergen op Zoom";7.5;5
"Berkelland";0;0
"Bernheze";84.4;26
"Best";20.1;6
"Beuningen";23.2;6
"Beverwijk";14.6;6
"Bladel";9.9;2
"Blaricum";17.9;2
"Bloemendaal";12.8;3
"Bodegraven-Reeuwijk";2.9;1
"Boekel";179.4;19
"Borger-Odoorn";0;0
"Borne";12.9;3
"Borsele";8.8;2
"Boxmeer";6.9;2
"Boxtel";16.3;5
"Breda";57.1;105
"Brielle";0;0
"Bronckhorst";5.5;2
"Brummen";0;0
"Brunssum";14.2;4
"Bunnik";0;0
"Bunschoten";0;0
"Buren";15.1;4
"Capelle aan den IJssel";1.5;1
"Castricum";14;5
"Coevorden";33.8;12
"Cranendonck";29.4;6
"Cuijk";8;2
"Culemborg";14;4
"Dalfsen";3.5;1
"Dantumadiel";0;0
"De Bilt";37.4;16
"De Fryske Marren";9.7;5
"De Ronde Venen";4.5;2
"De Wolden";4.1;1
"Delft";3.9;4
"Delfzijl";0;0
"Den Helder";1.8;1
"Deurne";24.7;8
"Deventer";5;5
"Diemen";6.9;2
"Dinkelland";22.8;6
"Doesburg";9;1
"Doetinchem";0;0
"Dongen";19.2;5
"Dordrecht";3.4;4
"Drechterland";0;0
"Drimmelen";44.2;12
"Dronten";19.6;8
"Druten";26.6;5
"Duiven";7.9;2
"Echt-Susteren";19;6
"Edam-Volendam";0;0
"Ede";4.3;5
"Eemnes";11;1
"Eersel";20.9;4
"Eijsden-Margraten";15.6;4
"Eindhoven";9.9;23
"Elburg";4.3;1
"Emmen";1.9;2
"Enkhuizen";5.4;1
"Enschede";2.5;4
"Epe";12.1;4
"Ermelo";29.8;8
"Etten-Leur";29.7;13
"Geertruidenberg";32.5;7
"Geldrop-Mierlo";7.6;3
"Gemert-Bakel";85.4;26
"Gennep";11.7;2
"Gilze en Rijen";11.4;3
"Goeree-Overflakkee";14.1;7
"Goes";8;3
"Goirle";37.8;9
"Gooise Meren";15.6;9
"Gorinchem";0;0
"Gouda";9.6;7
"Grave";8;1
"Groningen";4.8;11
"Gulpen-Wittem";14;2
"Haaksbergen";4.1;1
"Haaren";63.4;9
"Haarlem";4.3;7
"Haarlemmermeer";2.6;4
"Halderberge";6.6;2
"Hardenberg";0;0
"Harderwijk";10.5;5
"Hardinxveld-Giessendam";27.7;5
"Harlingen";6.3;1
"Hattem";0;0
"Heemskerk";5.1;2
"Heemstede";18.3;5
"Heerde";16.2;3
"Heerenveen";0;0
"Heerhugowaard";3.5;2
"Heerlen";16.1;14
"Heeze-Leende";25.1;4
"Heiloo";12.8;3
"Hellendoorn";5.6;2
"Hellevoetsluis";2.5;1
"Helmond";21.9;20
"Hendrik-Ido-Ambacht";0;0
"Hengelo (O)";5;4
"Het Hogeland";0;0
"Heumen";30.3;5
"Heusden";11.3;5
"Hillegom";4.6;1
"Hilvarenbeek";26.1;4
"Hilversum";3.3;3
"Hoeksche Waard";9.2;8
"Hof van Twente";8.6;3
"Hollands Kroon";2.1;1
"Hoogeveen";5.4;3
"Hoorn";1.4;1
"Horst aan de Maas";18.9;8
"Houten";28;14
"Huizen";4.8;2
"Hulst";0;0
"IJsselstein";20.5;7
"Kaag en Braassem";0;0
"Kampen";3.7;2
"Kapelle";15.6;2
"Katwijk";3.1;2
"Kerkrade";6.6;3
"Koggenland";4.4;1
"Krimpen aan den IJssel";3.4;1
"Krimpenerwaard";7.1;4
"Laarbeek";9;2
"Landerd";103;16
"Landgraaf";18.6;7
"Landsmeer";26.1;3
"Langedijk";14.3;4
"Lansingerland";16.2;10
"Laren";0;0
"Leeuwarden";3.2;4
"Leiden";8.8;11
"Leiderdorp";7.4;2
"Leidschendam-Voorburg";8;6
"Lelystad";15.4;12
"Leudal";30.8;11
"Leusden";10;3
"Lingewaard";8.6;4
"Lisse";0;0
"Lochem";3;1
"Loon op Zand";38.6;9
"Lopik";20.7;3
"Loppersum";0;0
"Losser";0;0
"Maasdriel";4;1
"Maasgouw";16.9;4
"Maassluis";6.1;2
"Maastricht";33.7;41
"Medemblik";0;0
"Meerssen";10.6;2
"Meierijstad";74.2;60
"Meppel";0;0
"Middelburg";4.1;2
"Midden-Delfland";0;0
"Midden-Drenthe";0;0
"Midden-Groningen";3.3;2
"Mill en Sint Hubert";9.2;1
"Moerdijk";2.7;1
"Molenlanden";16;7
"Montferland";2.8;1
"Montfoort";0;0
"Mook en Middelaar";0;0
"Neder-Betuwe";16.6;4
"Nederweert";41.2;7
"Nieuwegein";6.3;4
"Nieuwkoop";3.5;1
"Nijkerk";4.7;2
"Nijmegen";23.2;41
"Nissewaard";4.7;4
"Noardeast-Fryslân";0;0
"Noord-Beveland";0;0
"Noordenveld";3.2;1
"Noordoostpolder";4.3;2
"Noordwijk";4.7;2
"Nuenen, Gerwen en Nederwetten";4.3;1
"Nunspeet";10.9;3
"Oegstgeest";16.4;4
"Oirschot";5.4;1
"Oisterwijk";38.3;10
"Oldambt";0;0
"Oldebroek";21.2;5
"Oldenzaal";6.3;2
"Olst-Wijhe";0;0
"Ommen";11.2;2
"Oost Gelre";0;0
"Oosterhout";16.2;9
"Ooststellingwerf";0;0
"Oostzaan";20.5;2
"Opmeer";0;0
"Opsterland";6.7;2
"Oss";21.9;20
"Oude IJsselstreek";5.1;2
"Ouder-Amstel";21.6;3
"Oudewater";9.8;1
"Overbetuwe";18.9;9
"Papendrecht";0;0
"Peel en Maas";83.1;36
"Pekela";8.2;1
"Pijnacker-Nootdorp";20.2;11
"Purmerend";5;4
"Putten";8.3;2
"Raalte";8;3
"Reimerswaal";13.2;3
"Renkum";25.6;8
"Renswoude";0;0
"Reusel-De Mierden";0;0
"Rheden";6.9;3
"Rhenen";0;0
"Ridderkerk";2.2;1
"Rijssen-Holten";0;0
"Rijswijk";5.6;3
"Roerdalen";4.9;1
"Roermond";10.3;6
"Roosendaal";7.8;6
"Rotterdam";9;58
"Rozendaal";120.9;2
"Rucphen";4.4;1
"Schagen";10.7;5
"Scherpenzeel";0;0
"Schiedam";1.3;1
"Schiermonnikoog";0;0
"Schouwen-Duiveland";5.9;2
"Simpelveld";47.5;5
"Sint Anthonis";43.1;5
"Sint-Michielsgestel";34.5;10
"Sittard-Geleen";55;51
"Sliedrecht";4;1
"Sluis";8.6;2
"Smallingerland";5.4;3
"Soest";26;12
"Someren";15.5;3
"Son en Breugel";23.7;4
"Stadskanaal";0;0
"Staphorst";5.9;1
"Stede Broec";4.6;1
"Steenbergen";8;2
"Steenwijkerland";2.3;1
"Stein";16;4
"Stichtse Vecht";14;9
"Súdwest-Fryslân";2.2;2
"Terneuzen";5.5;3
"Terschelling";0;0
"Texel";0;0
"Teylingen";5.4;2
"Tholen";7.8;2
"Tiel";9.5;4
"Tilburg";43.7;95
"Tubbergen";4.7;1
"Twenterand";0;0
"Tynaarlo";8.9;3
"Tytsjerksteradiel";3.1;1
"Uden";126.8;53
"Uitgeest";0;0
"Uithoorn";3.4;1
"Urk";4.8;1
"Utrecht";19.6;69
"Utrechtse Heuvelrug";12.1;6
"Vaals";0;0
"Valkenburg aan de Geul";12.1;2
"Valkenswaard";3.2;1
"Veendam";0;0
"Veenendaal";1.5;1
"Veere";4.6;1
"Veldhoven";2.2;1
"Velsen";5.9;4
"Venlo";11.8;12
"Venray";2.3;1
"Vijfheerenlanden";7.2;4
"Vlaardingen";2.8;2
"Vlieland";0;0
"Vlissingen";9;4
"Voerendaal";24.1;3
"Voorschoten";3.9;1
"Voorst";4.1;1
"Vught";26.5;7
"Waadhoeke";0;0
"Waalre";11.6;2
"Waalwijk";24.9;12
"Waddinxveen";3.5;1
"Wageningen";2.6;1
"Wassenaar";11.4;3
"Waterland";23.1;4
"Weert";0;0
"Weesp";0;0
"West Betuwe";11.8;6
"West Maas en Waal";15.7;3
"Westerkwartier";1.6;1
"Westerveld";0;0
"Westervoort";0;0
"Westerwolde";0;0
"Westland";5.5;6
"Weststellingwerf";0;0
"Westvoorne";20.5;3
"Wierden";0;0
"Wijchen";19.5;8
"Wijdemeren";4.2;1
"Wijk bij Duurstede";16.8;4
"Winterswijk";0;0
"Woensdrecht";0;0
"Woerden";7.7;4
"Wormerland";0;0
"Woudenberg";15.2;2
"Zaanstad";1.3;2
"Zaltbommel";10.5;3
"Zandvoort";5.9;1
"Zeewolde";13.4;3
"Zeist";18.8;12
"Zevenaar";4.6;2
"Zoetermeer";0.8;1
"Zoeterwoude";0;0
"Zuidplas";0;0
"Zundert";27.8;6
"Zutphen";2.1;1
"Zwartewaterland";17.8;4
"Zwijndrecht";11.2;5
"Zwolle";9.4;12