"Category";"Zkh opname per 100.000";"Zkh opname";"Meldingen per 100.000";"Meldingen"
"'s-Hertogenbosch";65.1;101;151.5;235
"Aa en Hunze";3.9;1;27.5;7
"Aalsmeer";25.1;8;75.3;24
"Aalten";3.7;1;62.7;17
"Achtkarspelen";0;0;18;5
"Alblasserdam";34.7;7;79.3;16
"Albrandswaard";23.4;6;160.2;41
"Alkmaar";33.8;37;106;116
"Almelo";20.5;15;64.3;47
"Almere";39.2;83;61.8;131
"Alphen aan den Rijn";38.4;43;69.7;78
"Alphen-Chaam";146.9;15;381.9;39
"Altena";42.9;24;119.7;67
"Ameland";0;0;0;0
"Amersfoort";26.7;42;63.6;100
"Amstelveen";41.4;38;169;155
"Amsterdam";39;340;107.6;939
"Apeldoorn";18.3;30;75.1;123
"Appingedam";17.2;2;17.2;2
"Arnhem";29.7;48;68.8;111
"Assen";13.1;9;32.1;22
"Asten";53.8;9;161.3;27
"Baarle-Nassau";14.6;1;43.7;3
"Baarn";28.1;7;80.4;20
"Barendrecht";45.2;22;115;56
"Barneveld";16.9;10;89.7;53
"Beek";69.3;11;138.6;22
"Beekdaelen";97.3;35;158.4;57
"Beemster";39.9;4;69.8;7
"Beesel";103.8;14;170.6;23
"Berg en Dal";77.2;27;302.9;106
"Bergeijk";48.3;9;150.2;28
"Bergen (L.)";38.2;5;61.1;8
"Bergen (NH.)";50.3;15;124;37
"Bergen op Zoom";22.2;15;56.3;38
"Berkelland";4.6;2;34.3;15
"Bernheze";240;75;528.1;165
"Best";83.4;25;136.7;41
"Beuningen";65.7;17;139;36
"Beverwijk";24;10;112.9;47
"Bladel";63.7;13;171.6;35
"Blaricum";43.3;5;95.4;11
"Bloemendaal";21.2;5;140;33
"Bodegraven-Reeuwijk";14.3;5;54.5;19
"Boekel";259.6;28;667.7;72
"Borger-Odoorn";7.8;2;11.7;3
"Borne";55.8;13;145.8;34
"Borsele";17.6;4;52.8;12
"Boxmeer";54.5;16;163.4;48
"Boxtel";42.2;13;110.4;34
"Breda";70;129;174.2;321
"Brielle";46.3;8;115.7;20
"Bronckhorst";5.5;2;49.9;18
"Brummen";38.5;8;81.9;17
"Brunssum";100.7;28;161.8;45
"Bunnik";46.1;7;118.5;18
"Bunschoten";13.7;3;86.9;19
"Buren";26.2;7;71;19
"Capelle aan den IJssel";40.2;27;171.3;115
"Castricum";36.1;13;130.6;47
"Coevorden";25.5;9;87.8;31
"Cranendonck";226.8;48;439.4;93
"Cuijk";35.8;9;127.3;32
"Culemborg";69.1;20;124.3;36
"Dalfsen";52.5;15;129.4;37
"Dantumadiel";10.6;2;31.7;6
"De Bilt";44.1;19;157.7;68
"De Fryske Marren";23.3;12;65.9;34
"De Ronde Venen";51.7;23;110.2;49
"De Wolden";20.6;5;82.2;20
"Delft";29.9;31;59.8;62
"Delfzijl";20.3;5;48.6;12
"Den Helder";14.2;8;32;18
"Deurne";141.7;46;280.2;91
"Deventer";31.8;32;86.4;87
"Diemen";13;4;55.2;17
"Dinkelland";60.4;16;192.7;51
"Doesburg";36.1;4;90.3;10
"Doetinchem";13.8;8;69;40
"Dongen";49.6;13;171.6;45
"Dordrecht";46.9;56;93.9;112
"Drechterland";10.1;2;131.9;26
"Drimmelen";58.7;16;128.3;35
"Dronten";38.5;16;89;37
"Druten";84.6;16;195.6;37
"Duiven";35.8;9;83.6;21
"Echt-Susteren";101.2;32;164.5;52
"Edam-Volendam";44.2;16;85.6;31
"Ede";37.6;44;81.9;96
"Eemnes";10.8;1;75.7;7
"Eersel";93.2;18;186.4;36
"Eijsden-Margraten";143.7;37;337.8;87
"Eindhoven";40.1;94;107.9;253
"Elburg";34.5;8;177;41
"Emmen";12.1;13;33.6;36
"Enkhuizen";86.1;16;123.7;23
"Enschede";26.3;42;73.2;117
"Epe";42.2;14;165.7;55
"Ermelo";55.5;15;181.4;49
"Etten-Leur";75.2;33;207.4;91
"Geertruidenberg";41.8;9;78.9;17
"Geldrop-Mierlo";50.3;20;138.4;55
"Gemert-Bakel";201.8;62;387.3;119
"Gennep";76.8;13;189.1;32
"Gilze en Rijen";60.5;16;170.2;45
"Goeree-Overflakkee";79.9;40;369.6;185
"Goes";21;8;89.3;34
"Goirle";100.4;24;209.2;50
"Gooise Meren";34.5;20;89.6;52
"Gorinchem";35.1;13;221.6;82
"Gouda";35.4;26;128;94
"Grave";128.6;16;289.5;36
"Groningen";6;14;51.1;119
"Gulpen-Wittem";91.7;13;197.5;28
"Haaksbergen";45.3;11;98.7;24
"Haaren";104.4;15;201.8;29
"Haarlem";26.4;43;110.5;180
"Haarlemmermeer";28.8;45;84.6;132
"Halderberge";29.7;9;109;33
"Hardenberg";26.3;16;121.4;74
"Harderwijk";22.7;11;99.1;48
"Hardinxveld-Giessendam";5.5;1;92.9;17
"Harlingen";12.7;2;31.8;5
"Hattem";73.7;9;204.7;25
"Heemskerk";48.5;19;153.1;60
"Heemstede";29.4;8;271.7;74
"Heerde";123.7;23;344.3;64
"Heerenveen";19.8;10;63.4;32
"Heerhugowaard";38.2;22;92;53
"Heerlen";99.9;87;173.4;151
"Heeze-Leende";49.5;8;204.3;33
"Heiloo";33.4;8;100.1;24
"Hellendoorn";19.5;7;100.2;36
"Hellevoetsluis";27.4;11;87.2;35
"Helmond";63.8;59;175.3;162
"Hendrik-Ido-Ambacht";16;5;48.1;15
"Hengelo";17.3;14;85;69
"Het Hogeland";14.6;7;37.6;18
"Heumen";85.1;14;218.8;36
"Heusden";78.3;35;145.4;65
"Hillegom";22.5;5;72;16
"Hilvarenbeek";38.7;6;135.4;21
"Hilversum";19.8;18;49.5;45
"Hoeksche Waard";66.3;58;132.6;116
"Hof van Twente";37.1;13;91.4;32
"Hollands Kroon";53.7;26;86.7;42
"Hoogeveen";18;10;48.5;27
"Hoorn";30;22;61.4;45
"Horst aan de Maas";84.8;36;146.1;62
"Houten";33.9;17;141.6;71
"Huizen";36.3;15;77.5;32
"Hulst";21.8;6;61.7;17
"IJsselstein";76.2;26;155.4;53
"Kaag en Braassem";18.3;5;44;12
"Kampen";84.7;46;261.3;142
"Kapelle";7.9;1;78.8;10
"Katwijk";24.3;16;79.1;52
"Kerkrade";91.8;42;150.8;69
"Koggenland";26.4;6;83.5;19
"Krimpen aan den IJssel";16.9;5;105;31
"Krimpenerwaard";60.4;34;126.1;71
"Laarbeek";119.8;27;288.5;65
"Landerd";178;28;470.4;74
"Landgraaf";88.1;33;170.9;64
"Landsmeer";26.1;3;139.2;16
"Langedijk";53.3;15;99.4;28
"Lansingerland";41.7;26;149;93
"Laren";71;8;150.8;17
"Leeuwarden";23.4;29;33.9;42
"Leiden";21.6;27;58.3;73
"Leiderdorp";29.6;8;48;13
"Leidschendam-Voorburg";20.9;16;56.2;43
"Lelystad";43.2;34;70;55
"Leudal";139.3;50;239.6;86
"Leusden";23;7;95.4;29
"Lingewaard";45.1;21;92.3;43
"Lisse";21.8;5;52.3;12
"Lochem";14.8;5;62.3;21
"Loon op Zand";85.4;20;158.1;37
"Lopik";103.7;15;172.8;25
"Loppersum";0;0;21;2
"Losser";26.4;6;48.5;11
"Maasdriel";55.9;14;75.9;19
"Maasgouw";87.6;21;171.1;41
"Maassluis";39.1;13;81.3;27
"Maastricht";92.1;112;260.8;317
"Medemblik";26.6;12;79.8;36
"Meerssen";58.4;11;185.9;35
"Meierijstad";190.9;155;405.2;329
"Meppel";14.7;5;61.9;21
"Middelburg";26.6;13;59.4;29
"Midden-Delfland";15.5;3;56.9;11
"Midden-Drenthe";18.1;6;39.2;13
"Midden-Groningen";6.6;4;16.4;10
"Mill en Sint Hubert";64;7;128;14
"Moerdijk";18.8;7;75.4;28
"Molenlanden";34.1;15;116.1;51
"Montferland";16.7;6;61.1;22
"Montfoort";86.2;12;201.1;28
"Mook en Middelaar";51;4;216.6;17
"Neder-Betuwe";123.2;30;209.5;51
"Nederweert";146.9;25;217.4;37
"Nieuwegein";41;26;91.4;58
"Nieuwkoop";24.3;7;93.7;27
"Nijkerk";41.7;18;85.7;37
"Nijmegen";56.3;100;179.5;319
"Nissewaard";31.7;27;90.3;77
"Noardeast-Fryslân";8.8;4;15.5;7
"Noord-Beveland";13.5;1;54.1;4
"Noordenveld";3.2;1;25.6;8
"Noordoostpolder";16.9;8;40.2;19
"Noordwijk";25.3;11;55.1;24
"Nuenen, Gerwen en Nederwetten";51.3;12;94.1;22
"Nunspeet";86.2;24;301.7;84
"Oegstgeest";20.1;5;84.5;21
"Oirschot";48.1;9;160.2;30
"Oisterwijk";53.4;14;144.8;38
"Oldambt";2.6;1;10.5;4
"Oldebroek";71.9;17;249.5;59
"Oldenzaal";40.8;13;91.1;29
"Olst-Wijhe";49.3;9;131.5;24
"Ommen";38.9;7;144.4;26
"Oost Gelre";13.5;4;84.4;25
"Oosterhout";48.2;27;107.2;60
"Ooststellingwerf";3.9;1;7.9;2
"Oostzaan";71.9;7;174.7;17
"Opmeer";8.4;1;33.8;4
"Opsterland";16.8;5;37;11
"Oss";116.4;107;289.3;266
"Oude IJsselstreek";12.7;5;58.4;23
"Ouder-Amstel";28.5;4;114;16
"Oudewater";195.6;20;352;36
"Overbetuwe";98.1;47;162.8;78
"Papendrecht";12.4;4;71.6;23
"Peel en Maas";294.8;128;453.7;197
"Pekela";32.8;4;32.8;4
"Pijnacker-Nootdorp";27.1;15;75.9;42
"Purmerend";64;52;140.3;114
"Putten";8.3;2;58.1;14
"Raalte";53;20;103.4;39
"Reimerswaal";17.6;4;52.8;12
"Renkum";38.2;12;101.9;32
"Renswoude";55.1;3;146.8;8
"Reusel-De Mierden";53.4;7;99.2;13
"Rheden";66.3;29;112;49
"Rhenen";14.9;3;59.6;12
"Ridderkerk";58.4;27;123.4;57
"Rijssen-Holten";47.1;18;149.3;57
"Rijswijk";29.4;16;68;37
"Roerdalen";106.9;22;155.6;32
"Roermond";68.7;40;125.3;73
"Roosendaal";19.4;15;101;78
"Rotterdam";35.3;230;132.5;863
"Rozendaal";58.7;1;117.3;2
"Rucphen";26.2;6;100.6;23
"s-Gravenhage";29.2;159;80.7;440
"Schagen";30.1;14;92.5;43
"Scherpenzeel";20.2;2;131.6;13
"Schiedam";38.1;30;77.5;61
"Schiermonnikoog";0;0;0;0
"Schouwen-Duiveland";26.6;9;56.1;19
"Simpelveld";142.2;15;218;23
"Sint Anthonis";145.6;17;385.5;45
"Sint-Michielsgestel";68.5;20;174.6;51
"Sittard-Geleen";82.2;76;187.2;173
"Sliedrecht";19.8;5;83.3;21
"Sluis";25.8;6;47.4;11
"Smallingerland";10.7;6;28.5;16
"Soest";36.5;17;113.7;53
"Someren";103.2;20;237.4;46
"Son en Breugel";127;22;196.3;34
"Stadskanaal";3.2;1;6.3;2
"Staphorst";23.3;4;145.8;25
"Stede Broec";69;15;138;30
"Steenbergen";36.7;9;126.5;31
"Steenwijkerland";22.7;10;56.6;25
"Stein";136;34;204;51
"Stichtse Vecht";38.5;25;83.2;54
"Súdwest-Fryslân";15.6;14;45.6;41
"Terneuzen";29.4;16;88.2;48
"Terschelling";0;0;20.5;1
"Texel";22.1;3;58.9;8
"Teylingen";29.4;11;69.5;26
"Tholen";124.2;32;298.9;77
"Tiel";71.2;30;109.1;46
"Tilburg";68.2;150;192.4;423
"Tubbergen";47;10;235;50
"Twenterand";23.7;8;65.2;22
"Tynaarlo";20.7;7;85.6;29
"Tytsjerksteradiel";12.5;4;40.6;13
"Uden";199.4;84;458.2;193
"Uitgeest";22;3;102.6;14
"Uithoorn";40.7;12;88.2;26
"Urk";85.6;18;133.1;28
"Utrecht";39.1;140;131.4;470
"Utrechtse Heuvelrug";38.3;19;108.9;54
"Vaals";69.3;7;138.6;14
"Valkenburg aan de Geul";79.5;13;250.6;41
"Valkenswaard";32.1;10;246.8;77
"Veendam";3.7;1;18.3;5
"Veenendaal";33.1;22;81.2;54
"Veere";18.3;4;82.2;18
"Veldhoven";37.4;17;116.6;53
"Velsen";30.6;21;185;127
"Venlo";99.2;101;158.2;161
"Venray";78;34;133;58
"Vijfheerenlanden";35.2;20;197.1;112
"Vlaardingen";31.3;23;118.5;87
"Vlieland";0;0;0;0
"Vlissingen";18;8;83.4;37
"Voerendaal";96.2;12;168.4;21
"Voorschoten";31.2;8;85.9;22
"Voorst";32.6;8;138.5;34
"Vught";120.5;32;237.3;63
"Waadhoeke";13;6;86.8;40
"Waalre";22.9;4;114.6;20
"Waalwijk";39.1;19;160.4;78
"Waddinxveen";30.7;9;95.6;28
"Wageningen";25.2;10;42.9;17
"Wassenaar";22.9;6;76.3;20
"Waterland";63.1;11;103.3;18
"Weert";97.8;49;165.6;83
"Weesp";40.5;8;111.5;22
"West Betuwe";52.7;27;166;85
"West Maas en Waal";56.9;11;160.5;31
"Westerkwartier";18.9;12;61.5;39
"Westerveld";20.6;4;77.1;15
"Westervoort";46.8;7;73.5;11
"Westerwolde";19.4;5;19.4;5
"Westland";34.4;38;96.1;106
"Weststellingwerf";7.7;2;19.3;5
"Westvoorne";33.9;5;135.8;20
"Wierden";12.3;3;77.7;19
"Wijchen";82.7;34;155.6;64
"Wijdemeren";24.6;6;53.4;13
"Wijk bij Duurstede";33.5;8;62.7;15
"Winterswijk";6.9;2;31.2;9
"Woensdrecht";18.3;4;59.4;13
"Woerden";65;34;147.2;77
"Wormerland";85.9;14;153.4;25
"Woudenberg";52.4;7;134.7;18
"Zaanstad";52.3;82;109.8;172
"Zaltbommel";48.4;14;100.3;29
"Zandvoort";46.7;8;140.2;24
"Zeewolde";26.5;6;66.2;15
"Zeist";40;26;117;76
"Zevenaar";61.7;27;93.7;41
"Zoetermeer";24.7;31;51.1;64
"Zoeterwoude";23.2;2;69.7;6
"Zuidplas";36.5;16;102.5;45
"Zundert";68.7;15;169.6;37
"Zutphen";25;12;68.8;33
"Zwartewaterland";119;27;326.1;74
"Zwijndrecht";24.6;11;71.5;32
"Zwolle";31.8;41;132;170